,number_concepts,embedding_dimension,boc_model,document,accuracy,method
0,1.0,300.0,VLAD,cade,0.4136428068716828,Glove
1,2.0,300.0,VLAD,cade,0.4248243830355668,Glove
2,3.0,300.0,VLAD,cade,0.43434814708096897,Glove
3,4.0,300.0,VLAD,cade,0.4415307290273479,Glove
4,5.0,300.0,VLAD,cade,0.4423301514675904,Glove
5,6.0,300.0,VLAD,cade,0.4383977541411169,Glove
6,7.0,300.0,VLAD,cade,0.4424404184801615,Glove
7,8.0,300.0,VLAD,cade,0.4433832181748289,Glove
8,9.0,300.0,VLAD,cade,0.4443550720468312,Glove
9,10.0,300.0,VLAD,cade,0.4477654386938285,Glove
10,11.0,300.0,VLAD,cade,0.4480227273277408,Glove
11,12.0,300.0,VLAD,cade,0.4551156304097817,Glove
12,13.0,300.0,VLAD,cade,0.4578800495843254,Glove
13,14.0,300.0,VLAD,cade,0.457504350067967,Glove
14,15.0,300.0,VLAD,cade,0.4579538986393599,Glove
15,16.0,300.0,VLAD,cade,0.4598121183550032,Glove
16,17.0,300.0,VLAD,cade,0.4556552447119057,Glove
17,18.0,300.0,VLAD,cade,0.4558254598071084,Glove
18,19.0,300.0,VLAD,cade,0.4565954594689308,Glove
19,20.0,300.0,VLAD,cade,0.452371951372687,Glove
20,21.0,300.0,VLAD,cade,0.4525603555639161,Glove
21,22.0,300.0,VLAD,cade,0.4580851555887347,Glove
22,23.0,300.0,VLAD,cade,0.4566026237709308,Glove
23,24.0,300.0,VLAD,cade,0.4608652827838528,Glove
24,25.0,300.0,VLAD,cade,0.4587091306322196,Glove
25,26.0,300.0,VLAD,cade,0.4624768010658827,Glove
26,27.0,300.0,VLAD,cade,0.4635545248966527,Glove
27,28.0,300.0,VLAD,cade,0.462230856757709,Glove
28,29.0,300.0,VLAD,cade,0.4620496404715091,Glove
29,30.0,300.0,VLAD,cade,0.4627273110760009,Glove
30,1.0,300.0,VLAD_TFIDF,cade,0.4880426257233651,Glove
31,2.0,300.0,VLAD_TFIDF,cade,0.4862778990960012,Glove
32,3.0,300.0,VLAD_TFIDF,cade,0.4855903654650881,Glove
33,4.0,300.0,VLAD_TFIDF,cade,0.4868469074624093,Glove
34,5.0,300.0,VLAD_TFIDF,cade,0.4846448066713749,Glove
35,6.0,300.0,VLAD_TFIDF,cade,0.4807585817241641,Glove
36,7.0,300.0,VLAD_TFIDF,cade,0.4827096233000058,Glove
37,8.0,300.0,VLAD_TFIDF,cade,0.4813485250498367,Glove
38,9.0,300.0,VLAD_TFIDF,cade,0.4817869271067526,Glove
39,10.0,300.0,VLAD_TFIDF,cade,0.4813050949533962,Glove
40,11.0,300.0,VLAD_TFIDF,cade,0.4824139691023828,Glove
41,12.0,300.0,VLAD_TFIDF,cade,0.4801785853759637,Glove
42,13.0,300.0,VLAD_TFIDF,cade,0.4849196692167387,Glove
43,14.0,300.0,VLAD_TFIDF,cade,0.4820530199775141,Glove
44,15.0,300.0,VLAD_TFIDF,cade,0.4829835114895962,Glove
45,16.0,300.0,VLAD_TFIDF,cade,0.4799168738555213,Glove
46,17.0,300.0,VLAD_TFIDF,cade,0.4785530940422015,Glove
47,18.0,300.0,VLAD_TFIDF,cade,0.4747020392028028,Glove
48,19.0,300.0,VLAD_TFIDF,cade,0.4771442014629974,Glove
49,20.0,300.0,VLAD_TFIDF,cade,0.4779617635229697,Glove
50,21.0,300.0,VLAD_TFIDF,cade,0.4792417822722909,Glove
51,22.0,300.0,VLAD_TFIDF,cade,0.4778046309105651,Glove
52,23.0,300.0,VLAD_TFIDF,cade,0.4804285201770254,Glove
53,24.0,300.0,VLAD_TFIDF,cade,0.480277981668363,Glove
54,25.0,300.0,VLAD_TFIDF,cade,0.4814253048731249,Glove
55,26.0,300.0,VLAD_TFIDF,cade,0.4805660698136885,Glove
56,27.0,300.0,VLAD_TFIDF,cade,0.4789861318312708,Glove
57,28.0,300.0,VLAD_TFIDF,cade,0.4803565687125578,Glove
58,29.0,300.0,VLAD_TFIDF,cade,0.4769320079076493,Glove
59,30.0,300.0,VLAD_TFIDF,cade,0.4783132287843633,Glove
60,1.0,300.0,VLAD,cade,0.4208612294744981,W2V
61,2.0,300.0,VLAD,cade,0.4402038052777966,W2V
62,3.0,300.0,VLAD,cade,0.4480045638499801,W2V
63,4.0,300.0,VLAD,cade,0.45010665905383335,W2V
64,5.0,300.0,VLAD,cade,0.4535520441958466,W2V
65,6.0,300.0,VLAD,cade,0.4565050103508878,W2V
66,7.0,300.0,VLAD,cade,0.4526697453712556,W2V
67,8.0,300.0,VLAD,cade,0.4635967522620665,W2V
68,9.0,300.0,VLAD,cade,0.4650605168467232,W2V
69,10.0,300.0,VLAD,cade,0.4699890904247331,W2V
70,11.0,300.0,VLAD,cade,0.4632272157717807,W2V
71,12.0,300.0,VLAD,cade,0.4711258477727458,W2V
72,13.0,300.0,VLAD,cade,0.4689387063374018,W2V
73,14.0,300.0,VLAD,cade,0.4675190618962969,W2V
74,15.0,300.0,VLAD,cade,0.4710263301333125,W2V
75,16.0,300.0,VLAD,cade,0.46759233899872,W2V
76,17.0,300.0,VLAD,cade,0.4749115359858928,W2V
77,18.0,300.0,VLAD,cade,0.474799513692772,W2V
78,19.0,300.0,VLAD,cade,0.4774512234114089,W2V
79,20.0,300.0,VLAD,cade,0.471396897627678,W2V
80,21.0,300.0,VLAD,cade,0.4751065528021871,W2V
81,22.0,300.0,VLAD,cade,0.4754046035174629,W2V
82,23.0,300.0,VLAD,cade,0.4779472955356342,W2V
83,24.0,300.0,VLAD,cade,0.472319030044143,W2V
84,25.0,300.0,VLAD,cade,0.4774383437442029,W2V
85,26.0,300.0,VLAD,cade,0.478786143851711,W2V
86,27.0,300.0,VLAD,cade,0.4745264538139026,W2V
87,28.0,300.0,VLAD,cade,0.4796862715834889,W2V
88,29.0,300.0,VLAD,cade,0.4799156687714052,W2V
89,30.0,300.0,VLAD,cade,0.4812619985289756,W2V
90,1.0,300.0,VLAD_TFIDF,cade,0.4913501711253462,W2V
91,2.0,300.0,VLAD_TFIDF,cade,0.4937066068426729,W2V
92,3.0,300.0,VLAD_TFIDF,cade,0.4937462687928543,W2V
93,4.0,300.0,VLAD_TFIDF,cade,0.4892364796399343,W2V
94,5.0,300.0,VLAD_TFIDF,cade,0.4871290579747603,W2V
95,6.0,300.0,VLAD_TFIDF,cade,0.4908140535328408,W2V
96,7.0,300.0,VLAD_TFIDF,cade,0.487876341744358,W2V
97,8.0,300.0,VLAD_TFIDF,cade,0.4877546623435576,W2V
98,9.0,300.0,VLAD_TFIDF,cade,0.4873671378612902,W2V
99,10.0,300.0,VLAD_TFIDF,cade,0.4896855583861258,W2V
100,11.0,300.0,VLAD_TFIDF,cade,0.4883088107481998,W2V
101,12.0,300.0,VLAD_TFIDF,cade,0.4924690844591697,W2V
102,13.0,300.0,VLAD_TFIDF,cade,0.4916075496711122,W2V
103,14.0,300.0,VLAD_TFIDF,cade,0.4916678815100379,W2V
104,15.0,300.0,VLAD_TFIDF,cade,0.4894375610185063,W2V
105,16.0,300.0,VLAD_TFIDF,cade,0.4932540861542029,W2V
106,17.0,300.0,VLAD_TFIDF,cade,0.4915578980492666,W2V
107,18.0,300.0,VLAD_TFIDF,cade,0.4897437589955255,W2V
108,19.0,300.0,VLAD_TFIDF,cade,0.488517608344249,W2V
109,20.0,300.0,VLAD_TFIDF,cade,0.4922560001410424,W2V
110,21.0,300.0,VLAD_TFIDF,cade,0.4924118963431151,W2V
111,22.0,300.0,VLAD_TFIDF,cade,0.491883346619024,W2V
112,23.0,300.0,VLAD_TFIDF,cade,0.4914149598675762,W2V
113,24.0,300.0,VLAD_TFIDF,cade,0.489561103605781,W2V
114,25.0,300.0,VLAD_TFIDF,cade,0.4926500659225489,W2V
115,26.0,300.0,VLAD_TFIDF,cade,0.48943388398850396,W2V
116,27.0,300.0,VLAD_TFIDF,cade,0.4907595815075814,W2V
117,28.0,300.0,VLAD_TFIDF,cade,0.4923501237071475,W2V
118,29.0,300.0,VLAD_TFIDF,cade,0.4937438051488283,W2V
119,30.0,300.0,VLAD_TFIDF,cade,0.4925012945228061,W2V
120,1.0,300.0,VLAD,cade,0.3266672620602881,self-trained
121,2.0,300.0,VLAD,cade,0.3465966989941377,self-trained
122,3.0,300.0,VLAD,cade,0.34958062291741,self-trained
123,4.0,300.0,VLAD,cade,0.3648411829572115,self-trained
124,5.0,300.0,VLAD,cade,0.3760354171934695,self-trained
125,6.0,300.0,VLAD,cade,0.3867078579405279,self-trained
126,7.0,300.0,VLAD,cade,0.3958909920574038,self-trained
127,8.0,300.0,VLAD,cade,0.39858738175104375,self-trained
128,9.0,300.0,VLAD,cade,0.39838125130535,self-trained
129,10.0,300.0,VLAD,cade,0.4241926783517562,self-trained
130,11.0,300.0,VLAD,cade,0.4207180881844317,self-trained
131,12.0,300.0,VLAD,cade,0.4255980153705085,self-trained
132,13.0,300.0,VLAD,cade,0.42599312403307865,self-trained
133,14.0,300.0,VLAD,cade,0.4325503362455429,self-trained
134,15.0,300.0,VLAD,cade,0.433273803250476,self-trained
135,16.0,300.0,VLAD,cade,0.4357297850800318,self-trained
136,17.0,300.0,VLAD,cade,0.4361112673706227,self-trained
137,18.0,300.0,VLAD,cade,0.4380232716639539,self-trained
138,19.0,300.0,VLAD,cade,0.4369016223235139,self-trained
139,20.0,300.0,VLAD,cade,0.4385600058097946,self-trained
140,21.0,300.0,VLAD,cade,0.4395275680709686,self-trained
141,22.0,300.0,VLAD,cade,0.4384306242631648,self-trained
142,23.0,300.0,VLAD,cade,0.4378009849153127,self-trained
143,24.0,300.0,VLAD,cade,0.44105589292195296,self-trained
144,25.0,300.0,VLAD,cade,0.4405457994799808,self-trained
145,26.0,300.0,VLAD,cade,0.44243963619404336,self-trained
146,27.0,300.0,VLAD,cade,0.4408238890773485,self-trained
147,28.0,300.0,VLAD,cade,0.4424977077458122,self-trained
148,29.0,300.0,VLAD,cade,0.4455151331083325,self-trained
149,30.0,300.0,VLAD,cade,0.4484869661813796,self-trained
150,1.0,300.0,VLAD_TFIDF,cade,0.477986811873528,self-trained
151,2.0,300.0,VLAD_TFIDF,cade,0.4783642472427325,self-trained
152,3.0,300.0,VLAD_TFIDF,cade,0.4801485590013872,self-trained
153,4.0,300.0,VLAD_TFIDF,cade,0.4819163158622631,self-trained
154,5.0,300.0,VLAD_TFIDF,cade,0.4837231846212445,self-trained
155,6.0,300.0,VLAD_TFIDF,cade,0.4826806270576012,self-trained
156,7.0,300.0,VLAD_TFIDF,cade,0.4864919968113771,self-trained
157,8.0,300.0,VLAD_TFIDF,cade,0.4848489798111562,self-trained
158,9.0,300.0,VLAD_TFIDF,cade,0.4853348983174171,self-trained
159,10.0,300.0,VLAD_TFIDF,cade,0.4831450187677165,self-trained
160,11.0,300.0,VLAD_TFIDF,cade,0.485649375576832,self-trained
161,12.0,300.0,VLAD_TFIDF,cade,0.4836105604431242,self-trained
162,13.0,300.0,VLAD_TFIDF,cade,0.4833763217833772,self-trained
163,14.0,300.0,VLAD_TFIDF,cade,0.4837168572161714,self-trained
164,15.0,300.0,VLAD_TFIDF,cade,0.4859592376695479,self-trained
165,16.0,300.0,VLAD_TFIDF,cade,0.4835623605395935,self-trained
166,17.0,300.0,VLAD_TFIDF,cade,0.4851433026582395,self-trained
167,18.0,300.0,VLAD_TFIDF,cade,0.483917962914313,self-trained
168,19.0,300.0,VLAD_TFIDF,cade,0.4826327606276695,self-trained
169,20.0,300.0,VLAD_TFIDF,cade,0.4829299934226639,self-trained
170,21.0,300.0,VLAD_TFIDF,cade,0.4847371014128769,self-trained
171,22.0,300.0,VLAD_TFIDF,cade,0.4845308231568378,self-trained
172,23.0,300.0,VLAD_TFIDF,cade,0.4849517566494954,self-trained
173,24.0,300.0,VLAD_TFIDF,cade,0.4845422562548087,self-trained
174,25.0,300.0,VLAD_TFIDF,cade,0.4831242466552978,self-trained
175,26.0,300.0,VLAD_TFIDF,cade,0.4840874111235613,self-trained
176,27.0,300.0,VLAD_TFIDF,cade,0.4841529191551335,self-trained
177,28.0,300.0,VLAD_TFIDF,cade,0.4849061656837913,self-trained
178,29.0,300.0,VLAD_TFIDF,cade,0.483158699947105,self-trained
179,30.0,300.0,VLAD_TFIDF,cade,0.4835010626952265,self-trained
180,1.0,300.0,VLAD,web,0.8162130813752924,Glove
181,2.0,300.0,VLAD,web,0.8369188920121022,Glove
182,3.0,300.0,VLAD,web,0.8465096433983325,Glove
183,4.0,300.0,VLAD,web,0.8610817331159757,Glove
184,5.0,300.0,VLAD,web,0.8635610592961402,Glove
185,6.0,300.0,VLAD,web,0.878564119464774,Glove
186,7.0,300.0,VLAD,web,0.8870823183023211,Glove
187,8.0,300.0,VLAD,web,0.8839693928610529,Glove
188,9.0,300.0,VLAD,web,0.8833962177801127,Glove
189,10.0,300.0,VLAD,web,0.8844455290586011,Glove
190,11.0,300.0,VLAD,web,0.8892565012248081,Glove
191,12.0,300.0,VLAD,web,0.8873441983903527,Glove
192,13.0,300.0,VLAD,web,0.8879907350938498,Glove
193,14.0,300.0,VLAD,web,0.889070653392271,Glove
194,15.0,300.0,VLAD,web,0.8877641020834455,Glove
195,16.0,300.0,VLAD,web,0.8902442855793051,Glove
196,17.0,300.0,VLAD,web,0.8936401841745122,Glove
197,18.0,300.0,VLAD,web,0.8941440140993928,Glove
198,19.0,300.0,VLAD,web,0.893824834939014,Glove
199,20.0,300.0,VLAD,web,0.8918076790599658,Glove
200,21.0,300.0,VLAD,web,0.8965815786113869,Glove
201,22.0,300.0,VLAD,web,0.8909160923640413,Glove
202,23.0,300.0,VLAD,web,0.8980227786065951,Glove
203,24.0,300.0,VLAD,web,0.8987765834331845,Glove
204,25.0,300.0,VLAD,web,0.8965968935496695,Glove
205,26.0,300.0,VLAD,web,0.898891589553045,Glove
206,27.0,300.0,VLAD,web,0.8959606249079389,Glove
207,28.0,300.0,VLAD,web,0.8966384494384474,Glove
208,29.0,300.0,VLAD,web,0.8997486387024395,Glove
209,30.0,300.0,VLAD,web,0.8996572595232732,Glove
210,1.0,300.0,VLAD_TFIDF,web,0.8970598288808102,Glove
211,2.0,300.0,VLAD_TFIDF,web,0.8972965943621476,Glove
212,3.0,300.0,VLAD_TFIDF,web,0.8971855070789916,Glove
213,4.0,300.0,VLAD_TFIDF,web,0.8945550272906955,Glove
214,5.0,300.0,VLAD_TFIDF,web,0.8961323116957158,Glove
215,6.0,300.0,VLAD_TFIDF,web,0.8998182856428167,Glove
216,7.0,300.0,VLAD_TFIDF,web,0.9037598387374828,Glove
217,8.0,300.0,VLAD_TFIDF,web,0.9015645229735776,Glove
218,9.0,300.0,VLAD_TFIDF,web,0.8936129241575973,Glove
219,10.0,300.0,VLAD_TFIDF,web,0.8973874630891225,Glove
220,11.0,300.0,VLAD_TFIDF,web,0.8975239443223224,Glove
221,12.0,300.0,VLAD_TFIDF,web,0.8987651221057475,Glove
222,13.0,300.0,VLAD_TFIDF,web,0.8974493423124936,Glove
223,14.0,300.0,VLAD_TFIDF,web,0.9005506552997943,Glove
224,15.0,300.0,VLAD_TFIDF,web,0.8993613668304035,Glove
225,16.0,300.0,VLAD_TFIDF,web,0.9009639293820472,Glove
226,17.0,300.0,VLAD_TFIDF,web,0.8975709188280044,Glove
227,18.0,300.0,VLAD_TFIDF,web,0.9022749074238408,Glove
228,19.0,300.0,VLAD_TFIDF,web,0.9039989335523416,Glove
229,20.0,300.0,VLAD_TFIDF,web,0.9021019129682182,Glove
230,21.0,300.0,VLAD_TFIDF,web,0.90193863948004,Glove
231,22.0,300.0,VLAD_TFIDF,web,0.8991175881407262,Glove
232,23.0,300.0,VLAD_TFIDF,web,0.9012988543417624,Glove
233,24.0,300.0,VLAD_TFIDF,web,0.9038368384883868,Glove
234,25.0,300.0,VLAD_TFIDF,web,0.9021429661015106,Glove
235,26.0,300.0,VLAD_TFIDF,web,0.9046892409268068,Glove
236,27.0,300.0,VLAD_TFIDF,web,0.9027358136489504,Glove
237,28.0,300.0,VLAD_TFIDF,web,0.9011540077820612,Glove
238,29.0,300.0,VLAD_TFIDF,web,0.9028378568577856,Glove
239,30.0,300.0,VLAD_TFIDF,web,0.9029083072038946,Glove
240,1.0,300.0,VLAD,web,0.8291315363917814,W2V
241,2.0,300.0,VLAD,web,0.8519247587009351,W2V
242,3.0,300.0,VLAD,web,0.8524189698475005,W2V
243,4.0,300.0,VLAD,web,0.8715326563062135,W2V
244,5.0,300.0,VLAD,web,0.872073173044509,W2V
245,6.0,300.0,VLAD,web,0.8754777974967599,W2V
246,7.0,300.0,VLAD,web,0.8796901647800677,W2V
247,8.0,300.0,VLAD,web,0.8801253552662066,W2V
248,9.0,300.0,VLAD,web,0.8821486441881374,W2V
249,10.0,300.0,VLAD,web,0.8857701076591672,W2V
250,11.0,300.0,VLAD,web,0.8823818289308771,W2V
251,12.0,300.0,VLAD,web,0.8875430542546567,W2V
252,13.0,300.0,VLAD,web,0.8845043038371114,W2V
253,14.0,300.0,VLAD,web,0.8858242983408948,W2V
254,15.0,300.0,VLAD,web,0.8822839841513168,W2V
255,16.0,300.0,VLAD,web,0.8873013812179731,W2V
256,17.0,300.0,VLAD,web,0.8890220191419885,W2V
257,18.0,300.0,VLAD,web,0.8881566488561063,W2V
258,19.0,300.0,VLAD,web,0.8824174622772893,W2V
259,20.0,300.0,VLAD,web,0.8883606499474543,W2V
260,21.0,300.0,VLAD,web,0.8842047133236498,W2V
261,22.0,300.0,VLAD,web,0.8938859123553691,W2V
262,23.0,300.0,VLAD,web,0.8901438980635952,W2V
263,24.0,300.0,VLAD,web,0.8903714976302595,W2V
264,25.0,300.0,VLAD,web,0.8929404106008146,W2V
265,26.0,300.0,VLAD,web,0.8880295059238005,W2V
266,27.0,300.0,VLAD,web,0.888269689271462,W2V
267,28.0,300.0,VLAD,web,0.8928433140437679,W2V
268,29.0,300.0,VLAD,web,0.8903789107841746,W2V
269,30.0,300.0,VLAD,web,0.8913954364047832,W2V
270,1.0,300.0,VLAD_TFIDF,web,0.8942110297746588,W2V
271,2.0,300.0,VLAD_TFIDF,web,0.8969125210948427,W2V
272,3.0,300.0,VLAD_TFIDF,web,0.8965863217027252,W2V
273,4.0,300.0,VLAD_TFIDF,web,0.9000235377358781,W2V
274,5.0,300.0,VLAD_TFIDF,web,0.8990406079018625,W2V
275,6.0,300.0,VLAD_TFIDF,web,0.8967440930118377,W2V
276,7.0,300.0,VLAD_TFIDF,web,0.8983150779206321,W2V
277,8.0,300.0,VLAD_TFIDF,web,0.8977290688134726,W2V
278,9.0,300.0,VLAD_TFIDF,web,0.8996108627504678,W2V
279,10.0,300.0,VLAD_TFIDF,web,0.8988920590902236,W2V
280,11.0,300.0,VLAD_TFIDF,web,0.8977125015905815,W2V
281,12.0,300.0,VLAD_TFIDF,web,0.9007709511993373,W2V
282,13.0,300.0,VLAD_TFIDF,web,0.900846074389937,W2V
283,14.0,300.0,VLAD_TFIDF,web,0.9013979172376144,W2V
284,15.0,300.0,VLAD_TFIDF,web,0.9007531848757476,W2V
285,16.0,300.0,VLAD_TFIDF,web,0.8977934851421955,W2V
286,17.0,300.0,VLAD_TFIDF,web,0.9001708921926548,W2V
287,18.0,300.0,VLAD_TFIDF,web,0.8998622823093303,W2V
288,19.0,300.0,VLAD_TFIDF,web,0.8982418863147572,W2V
289,20.0,300.0,VLAD_TFIDF,web,0.90295290152301,W2V
290,21.0,300.0,VLAD_TFIDF,web,0.9010601782082664,W2V
291,22.0,300.0,VLAD_TFIDF,web,0.904331401590698,W2V
292,23.0,300.0,VLAD_TFIDF,web,0.9014506499442142,W2V
293,24.0,300.0,VLAD_TFIDF,web,0.9008617164570576,W2V
294,25.0,300.0,VLAD_TFIDF,web,0.9011568086089626,W2V
295,26.0,300.0,VLAD_TFIDF,web,0.8992554426807458,W2V
296,27.0,300.0,VLAD_TFIDF,web,0.901607221889666,W2V
297,28.0,300.0,VLAD_TFIDF,web,0.9013794861420832,W2V
298,29.0,300.0,VLAD_TFIDF,web,0.896903519273948,W2V
299,30.0,300.0,VLAD_TFIDF,web,0.9005267796988516,W2V
300,1.0,300.0,VLAD,web,0.867348764343982,self-trained
301,2.0,300.0,VLAD,web,0.8822603372798152,self-trained
302,3.0,300.0,VLAD,web,0.8841401720558792,self-trained
303,4.0,300.0,VLAD,web,0.8895662869958209,self-trained
304,5.0,300.0,VLAD,web,0.8894192003038688,self-trained
305,6.0,300.0,VLAD,web,0.8978963452901588,self-trained
306,7.0,300.0,VLAD,web,0.8989622847791997,self-trained
307,8.0,300.0,VLAD,web,0.8963850641389541,self-trained
308,9.0,300.0,VLAD,web,0.8994716239886585,self-trained
309,10.0,300.0,VLAD,web,0.9005234874462118,self-trained
310,11.0,300.0,VLAD,web,0.8997353560465641,self-trained
311,12.0,300.0,VLAD,web,0.8995789966857108,self-trained
312,13.0,300.0,VLAD,web,0.9046990485535564,self-trained
313,14.0,300.0,VLAD,web,0.9059708986882684,self-trained
314,15.0,300.0,VLAD,web,0.8994213752439482,self-trained
315,16.0,300.0,VLAD,web,0.9043665507351232,self-trained
316,17.0,300.0,VLAD,web,0.9043918130038554,self-trained
317,18.0,300.0,VLAD,web,0.8995216948668359,self-trained
318,19.0,300.0,VLAD,web,0.9019622416911218,self-trained
319,20.0,300.0,VLAD,web,0.9042963877896586,self-trained
320,21.0,300.0,VLAD,web,0.9034447029449496,self-trained
321,22.0,300.0,VLAD,web,0.9028229009487356,self-trained
322,23.0,300.0,VLAD,web,0.9072277664466422,self-trained
323,24.0,300.0,VLAD,web,0.9022064159381352,self-trained
324,25.0,300.0,VLAD,web,0.9020002691901162,self-trained
325,26.0,300.0,VLAD,web,0.9063897060026972,self-trained
326,27.0,300.0,VLAD,web,0.9040186061620132,self-trained
327,28.0,300.0,VLAD,web,0.9022878285112884,self-trained
328,29.0,300.0,VLAD,web,0.9080055865055122,self-trained
329,30.0,300.0,VLAD,web,0.908322106472628,self-trained
330,1.0,300.0,VLAD_TFIDF,web,0.899351095354121,self-trained
331,2.0,300.0,VLAD_TFIDF,web,0.901945282033083,self-trained
332,3.0,300.0,VLAD_TFIDF,web,0.9005727774568097,self-trained
333,4.0,300.0,VLAD_TFIDF,web,0.9003773342523388,self-trained
334,5.0,300.0,VLAD_TFIDF,web,0.9006790269391194,self-trained
335,6.0,300.0,VLAD_TFIDF,web,0.9018397081194462,self-trained
336,7.0,300.0,VLAD_TFIDF,web,0.90711663502899,self-trained
337,8.0,300.0,VLAD_TFIDF,web,0.9046409076315094,self-trained
338,9.0,300.0,VLAD_TFIDF,web,0.9042110359481136,self-trained
339,10.0,300.0,VLAD_TFIDF,web,0.9053285410047308,self-trained
340,11.0,300.0,VLAD_TFIDF,web,0.903026206902412,self-trained
341,12.0,300.0,VLAD_TFIDF,web,0.9046852950065759,self-trained
342,13.0,300.0,VLAD_TFIDF,web,0.9042311417479306,self-trained
343,14.0,300.0,VLAD_TFIDF,web,0.9038537650563307,self-trained
344,15.0,300.0,VLAD_TFIDF,web,0.9023465122159912,self-trained
345,16.0,300.0,VLAD_TFIDF,web,0.9054631265051206,self-trained
346,17.0,300.0,VLAD_TFIDF,web,0.9036408805548536,self-trained
347,18.0,300.0,VLAD_TFIDF,web,0.902962041924947,self-trained
348,19.0,300.0,VLAD_TFIDF,web,0.907379650276308,self-trained
349,20.0,300.0,VLAD_TFIDF,web,0.9022066531172641,self-trained
350,21.0,300.0,VLAD_TFIDF,web,0.9044318149560188,self-trained
351,22.0,300.0,VLAD_TFIDF,web,0.9055955095547166,self-trained
352,23.0,300.0,VLAD_TFIDF,web,0.9067108433946084,self-trained
353,24.0,300.0,VLAD_TFIDF,web,0.905372915137066,self-trained
354,25.0,300.0,VLAD_TFIDF,web,0.9063028270606164,self-trained
355,26.0,300.0,VLAD_TFIDF,web,0.9060806434784672,self-trained
356,27.0,300.0,VLAD_TFIDF,web,0.9053648429254499,self-trained
357,28.0,300.0,VLAD_TFIDF,web,0.9042847284546672,self-trained
358,29.0,300.0,VLAD_TFIDF,web,0.9054848580259446,self-trained
359,30.0,300.0,VLAD_TFIDF,web,0.9061853330331078,self-trained
360,1.0,300.0,VLAD,cade,0.27357880497004755,self-trained-glove
361,1.0,300.0,VLAD_TFIDF,cade,0.4653668154774294,self-trained-glove
362,2.0,300.0,VLAD,cade,0.33252198983604064,self-trained-glove
363,2.0,300.0,VLAD_TFIDF,cade,0.4550906243466048,self-trained-glove
364,3.0,300.0,VLAD,cade,0.3658056261288644,self-trained-glove
365,3.0,300.0,VLAD_TFIDF,cade,0.4606175256781068,self-trained-glove
366,4.0,300.0,VLAD,cade,0.3828538489023679,self-trained-glove
367,4.0,300.0,VLAD_TFIDF,cade,0.4644224460874244,self-trained-glove
368,5.0,300.0,VLAD,cade,0.3909979025256328,self-trained-glove
369,5.0,300.0,VLAD_TFIDF,cade,0.4608285971285232,self-trained-glove
370,6.0,300.0,VLAD,cade,0.3976876169996277,self-trained-glove
371,6.0,300.0,VLAD_TFIDF,cade,0.4619646054829791,self-trained-glove
372,7.0,300.0,VLAD,cade,0.4066314292347154,self-trained-glove
373,7.0,300.0,VLAD_TFIDF,cade,0.4613496208859914,self-trained-glove
374,8.0,300.0,VLAD,cade,0.4074748183496629,self-trained-glove
375,8.0,300.0,VLAD_TFIDF,cade,0.4646983575151573,self-trained-glove
376,9.0,300.0,VLAD,cade,0.4177497025710785,self-trained-glove
377,9.0,300.0,VLAD_TFIDF,cade,0.4618560879046473,self-trained-glove
378,10.0,300.0,VLAD,cade,0.4220074661116433,self-trained-glove
379,10.0,300.0,VLAD_TFIDF,cade,0.4655989634639676,self-trained-glove
380,11.0,300.0,VLAD,cade,0.4240208539504552,self-trained-glove
381,11.0,300.0,VLAD_TFIDF,cade,0.4632544521330783,self-trained-glove
382,12.0,300.0,VLAD,cade,0.4273548869127258,self-trained-glove
383,12.0,300.0,VLAD_TFIDF,cade,0.4661836780301293,self-trained-glove
384,13.0,300.0,VLAD,cade,0.43245457678658894,self-trained-glove
385,13.0,300.0,VLAD_TFIDF,cade,0.4635769405621105,self-trained-glove
386,14.0,300.0,VLAD,cade,0.4302942099932109,self-trained-glove
387,14.0,300.0,VLAD_TFIDF,cade,0.4645448478054519,self-trained-glove
388,15.0,300.0,VLAD,cade,0.4323379237386355,self-trained-glove
389,15.0,300.0,VLAD_TFIDF,cade,0.4656009195948098,self-trained-glove
390,16.0,300.0,VLAD,cade,0.4416473514158931,self-trained-glove
391,16.0,300.0,VLAD_TFIDF,cade,0.468476554355459,self-trained-glove
392,17.0,300.0,VLAD,cade,0.4403908301010279,self-trained-glove
393,17.0,300.0,VLAD_TFIDF,cade,0.4666985687743096,self-trained-glove
394,18.0,300.0,VLAD,cade,0.4373015001738183,self-trained-glove
395,18.0,300.0,VLAD_TFIDF,cade,0.4673990328758581,self-trained-glove
396,19.0,300.0,VLAD,cade,0.4455765930916972,self-trained-glove
397,19.0,300.0,VLAD_TFIDF,cade,0.4685459914411502,self-trained-glove
398,20.0,300.0,VLAD,cade,0.4455150800802814,self-trained-glove
399,20.0,300.0,VLAD_TFIDF,cade,0.4706594660054441,self-trained-glove
400,21.0,300.0,VLAD,cade,0.4487993791045632,self-trained-glove
401,21.0,300.0,VLAD_TFIDF,cade,0.4699503610512846,self-trained-glove
402,22.0,300.0,VLAD,cade,0.4422617477475149,self-trained-glove
403,22.0,300.0,VLAD_TFIDF,cade,0.4662571115553643,self-trained-glove
404,23.0,300.0,VLAD,cade,0.4445310231671172,self-trained-glove
405,23.0,300.0,VLAD_TFIDF,cade,0.469146167996735,self-trained-glove
406,24.0,300.0,VLAD,cade,0.4495948190264215,self-trained-glove
407,24.0,300.0,VLAD_TFIDF,cade,0.4687710829509649,self-trained-glove
408,25.0,300.0,VLAD,cade,0.4466731383134844,self-trained-glove
409,25.0,300.0,VLAD_TFIDF,cade,0.4654314753068437,self-trained-glove
410,26.0,300.0,VLAD,cade,0.4564587767479851,self-trained-glove
411,26.0,300.0,VLAD_TFIDF,cade,0.4678889181883214,self-trained-glove
412,27.0,300.0,VLAD,cade,0.4530522324893602,self-trained-glove
413,27.0,300.0,VLAD_TFIDF,cade,0.4689463157212058,self-trained-glove
414,28.0,300.0,VLAD,cade,0.4520004408319748,self-trained-glove
415,28.0,300.0,VLAD_TFIDF,cade,0.4682036372702776,self-trained-glove
416,29.0,300.0,VLAD,cade,0.4535978362785365,self-trained-glove
417,29.0,300.0,VLAD_TFIDF,cade,0.4674267135837461,self-trained-glove
418,30.0,300.0,VLAD,cade,0.4560888727369076,self-trained-glove
419,30.0,300.0,VLAD_TFIDF,cade,0.4702899511969159,self-trained-glove
420,1.0,300.0,VLAD,web,0.8371634671982504,self-trained-glove
421,1.0,300.0,VLAD_TFIDF,web,0.8937686079928844,self-trained-glove
422,2.0,300.0,VLAD,web,0.8548788018454678,self-trained-glove
423,2.0,300.0,VLAD_TFIDF,web,0.8928442508227208,self-trained-glove
424,3.0,300.0,VLAD,web,0.8568272807490407,self-trained-glove
425,3.0,300.0,VLAD_TFIDF,web,0.8941883307362625,self-trained-glove
426,4.0,300.0,VLAD,web,0.8581546353481606,self-trained-glove
427,4.0,300.0,VLAD_TFIDF,web,0.890181019631075,self-trained-glove
428,5.0,300.0,VLAD,web,0.868663193111369,self-trained-glove
429,5.0,300.0,VLAD_TFIDF,web,0.8980082024200968,self-trained-glove
430,6.0,300.0,VLAD,web,0.8712456099235688,self-trained-glove
431,6.0,300.0,VLAD_TFIDF,web,0.8928655624239449,self-trained-glove
432,7.0,300.0,VLAD,web,0.8734323420789764,self-trained-glove
433,7.0,300.0,VLAD_TFIDF,web,0.8918599627625798,self-trained-glove
434,8.0,300.0,VLAD,web,0.8712779865408036,self-trained-glove
435,8.0,300.0,VLAD_TFIDF,web,0.8962605188544109,self-trained-glove
436,9.0,300.0,VLAD,web,0.876562841178961,self-trained-glove
437,9.0,300.0,VLAD_TFIDF,web,0.8954972301003232,self-trained-glove
438,10.0,300.0,VLAD,web,0.8826509581361149,self-trained-glove
439,10.0,300.0,VLAD_TFIDF,web,0.9012205973797864,self-trained-glove
440,11.0,300.0,VLAD,web,0.8745466932092338,self-trained-glove
441,11.0,300.0,VLAD_TFIDF,web,0.8972262755150608,self-trained-glove
442,12.0,300.0,VLAD,web,0.8767259579877127,self-trained-glove
443,12.0,300.0,VLAD_TFIDF,web,0.8949466029575117,self-trained-glove
444,13.0,300.0,VLAD,web,0.8836171828410556,self-trained-glove
445,13.0,300.0,VLAD_TFIDF,web,0.8964827794440661,self-trained-glove
446,14.0,300.0,VLAD,web,0.8842620426366177,self-trained-glove
447,14.0,300.0,VLAD_TFIDF,web,0.8982333139259682,self-trained-glove
448,15.0,300.0,VLAD,web,0.8828216046423296,self-trained-glove
449,15.0,300.0,VLAD_TFIDF,web,0.8958553423282941,self-trained-glove
450,16.0,300.0,VLAD,web,0.8849388315034101,self-trained-glove
451,16.0,300.0,VLAD_TFIDF,web,0.8984183790808882,self-trained-glove
452,17.0,300.0,VLAD,web,0.8926403858482412,self-trained-glove
453,17.0,300.0,VLAD_TFIDF,web,0.901111348211636,self-trained-glove
454,18.0,300.0,VLAD,web,0.8875858346569151,self-trained-glove
455,18.0,300.0,VLAD_TFIDF,web,0.8976745871484798,self-trained-glove
456,19.0,300.0,VLAD,web,0.8868165498547935,self-trained-glove
457,19.0,300.0,VLAD_TFIDF,web,0.8980858677191957,self-trained-glove
458,20.0,300.0,VLAD,web,0.8958406355151025,self-trained-glove
459,20.0,300.0,VLAD_TFIDF,web,0.9024040681993628,self-trained-glove
460,21.0,300.0,VLAD,web,0.8899058126803109,self-trained-glove
461,21.0,300.0,VLAD_TFIDF,web,0.9007538932492798,self-trained-glove
462,22.0,300.0,VLAD,web,0.8899036994320063,self-trained-glove
463,22.0,300.0,VLAD_TFIDF,web,0.9005103556121286,self-trained-glove
464,23.0,300.0,VLAD,web,0.8843129404576683,self-trained-glove
465,23.0,300.0,VLAD_TFIDF,web,0.8988823111016414,self-trained-glove
466,24.0,300.0,VLAD,web,0.8907972534935398,self-trained-glove
467,24.0,300.0,VLAD_TFIDF,web,0.8970356110703352,self-trained-glove
468,25.0,300.0,VLAD,web,0.8900043621923837,self-trained-glove
469,25.0,300.0,VLAD_TFIDF,web,0.8952809058286698,self-trained-glove
470,26.0,300.0,VLAD,web,0.8838804500407983,self-trained-glove
471,26.0,300.0,VLAD_TFIDF,web,0.897329390808558,self-trained-glove
472,27.0,300.0,VLAD,web,0.8878760139803836,self-trained-glove
473,27.0,300.0,VLAD_TFIDF,web,0.8966112914131912,self-trained-glove
474,28.0,300.0,VLAD,web,0.8957120389070352,self-trained-glove
475,28.0,300.0,VLAD_TFIDF,web,0.8986332506492852,self-trained-glove
476,29.0,300.0,VLAD,web,0.8910903916770418,self-trained-glove
477,29.0,300.0,VLAD_TFIDF,web,0.9016977243913606,self-trained-glove
478,30.0,300.0,VLAD,web,0.8922404718954537,self-trained-glove
479,30.0,300.0,VLAD_TFIDF,web,0.8995849756466502,self-trained-glove
480,1.0,300.0,VLAD,20n,0.7362129521571028,self-trained
481,1.0,300.0,VLAD_TFIDF,20n,0.8976930072841601,self-trained
482,2.0,300.0,VLAD,20n,0.7679335423665395,self-trained
483,2.0,300.0,VLAD_TFIDF,20n,0.8992046481376851,self-trained
484,3.0,300.0,VLAD,20n,0.775217907611109,self-trained
485,3.0,300.0,VLAD_TFIDF,20n,0.9001133516346543,self-trained
486,4.0,300.0,VLAD,20n,0.7940539293377481,self-trained
487,4.0,300.0,VLAD_TFIDF,20n,0.8985313997886373,self-trained
488,5.0,300.0,VLAD,20n,0.7965421969928073,self-trained
489,5.0,300.0,VLAD_TFIDF,20n,0.8971888681545043,self-trained
490,6.0,300.0,VLAD,20n,0.8097221909375559,self-trained
491,6.0,300.0,VLAD_TFIDF,20n,0.8979745075773418,self-trained
492,7.0,300.0,VLAD,20n,0.8136516539880582,self-trained
493,7.0,300.0,VLAD_TFIDF,20n,0.8990482269230252,self-trained
494,8.0,300.0,VLAD,20n,0.8149944894292946,self-trained
495,8.0,300.0,VLAD_TFIDF,20n,0.9001243729155368,self-trained
496,9.0,300.0,VLAD,20n,0.8149204043043483,self-trained
497,9.0,300.0,VLAD_TFIDF,20n,0.8997221670684183,self-trained
498,10.0,300.0,VLAD,20n,0.8154499893593687,self-trained
499,10.0,300.0,VLAD_TFIDF,20n,0.8998088081308261,self-trained
500,11.0,300.0,VLAD,20n,0.8177926990413027,self-trained
501,11.0,300.0,VLAD_TFIDF,20n,0.8993777736380576,self-trained
502,12.0,300.0,VLAD,20n,0.8222309201068555,self-trained
503,12.0,300.0,VLAD_TFIDF,20n,0.8996100097980558,self-trained
504,13.0,300.0,VLAD,20n,0.8236389681571833,self-trained
505,13.0,300.0,VLAD_TFIDF,20n,0.9009575152883228,self-trained
506,14.0,300.0,VLAD,20n,0.8224087565575809,self-trained
507,14.0,300.0,VLAD_TFIDF,20n,0.8999620478924187,self-trained
508,15.0,300.0,VLAD,20n,0.8262947654484677,self-trained
509,15.0,300.0,VLAD_TFIDF,20n,0.8994952653996309,self-trained
510,16.0,300.0,VLAD,20n,0.8282480661596064,self-trained
511,16.0,300.0,VLAD_TFIDF,20n,0.9014726765008862,self-trained
512,17.0,300.0,VLAD,20n,0.8286853052402552,self-trained
513,17.0,300.0,VLAD_TFIDF,20n,0.9013374083306532,self-trained
514,18.0,300.0,VLAD,20n,0.8327987779866858,self-trained
515,18.0,300.0,VLAD_TFIDF,20n,0.9004353854927531,self-trained
516,19.0,300.0,VLAD,20n,0.8303767186348677,self-trained
517,19.0,300.0,VLAD_TFIDF,20n,0.9011832637030458,self-trained
518,20.0,300.0,VLAD,20n,0.8362295574425962,self-trained
519,20.0,300.0,VLAD_TFIDF,20n,0.8997241197600884,self-trained
520,21.0,300.0,VLAD,20n,0.8334685391493055,self-trained
521,21.0,300.0,VLAD_TFIDF,20n,0.9012873415770202,self-trained
522,22.0,300.0,VLAD,20n,0.8357198531163196,self-trained
523,22.0,300.0,VLAD_TFIDF,20n,0.9012376570753042,self-trained
524,23.0,300.0,VLAD,20n,0.8385897398007719,self-trained
525,23.0,300.0,VLAD_TFIDF,20n,0.9018215430319212,self-trained
526,24.0,300.0,VLAD,20n,0.8366313315730377,self-trained
527,24.0,300.0,VLAD_TFIDF,20n,0.898065944195908,self-trained
528,25.0,300.0,VLAD,20n,0.8352079233402495,self-trained
529,25.0,300.0,VLAD_TFIDF,20n,0.9012736106068008,self-trained
530,26.0,300.0,VLAD,20n,0.8369159855859302,self-trained
531,26.0,300.0,VLAD_TFIDF,20n,0.9004791095319572,self-trained
532,27.0,300.0,VLAD,20n,0.8418113394965391,self-trained
533,27.0,300.0,VLAD_TFIDF,20n,0.9002123948321836,self-trained
534,28.0,300.0,VLAD,20n,0.8391919031595771,self-trained
535,28.0,300.0,VLAD_TFIDF,20n,0.9019952411464668,self-trained
536,29.0,300.0,VLAD,20n,0.8397839708139354,self-trained
537,29.0,300.0,VLAD_TFIDF,20n,0.9010315092038906,self-trained
538,30.0,300.0,VLAD,20n,0.8419968277187287,self-trained
539,30.0,300.0,VLAD_TFIDF,20n,0.9012237492020616,self-trained
540,1.0,300.0,VLAD,20n,0.7595636431258883,Glove
541,1.0,300.0,VLAD_TFIDF,20n,0.8935898371173154,Glove
542,2.0,300.0,VLAD,20n,0.7893136131928933,Glove
543,2.0,300.0,VLAD_TFIDF,20n,0.8944849527660228,Glove
544,3.0,300.0,VLAD,20n,0.8119969395662572,Glove
545,3.0,300.0,VLAD_TFIDF,20n,0.8953583169927721,Glove
546,4.0,300.0,VLAD,20n,0.8219971746196121,Glove
547,4.0,300.0,VLAD_TFIDF,20n,0.8978691731376978,Glove
548,5.0,300.0,VLAD,20n,0.8318658221825659,Glove
549,5.0,300.0,VLAD_TFIDF,20n,0.8974633434465037,Glove
550,6.0,300.0,VLAD,20n,0.8376031638673587,Glove
551,6.0,300.0,VLAD_TFIDF,20n,0.897409244016855,Glove
552,7.0,300.0,VLAD,20n,0.8436825448871945,Glove
553,7.0,300.0,VLAD_TFIDF,20n,0.8992905531702439,Glove
554,8.0,300.0,VLAD,20n,0.8470044823349511,Glove
555,8.0,300.0,VLAD_TFIDF,20n,0.9003459995788555,Glove
556,9.0,300.0,VLAD,20n,0.8502874020414802,Glove
557,9.0,300.0,VLAD_TFIDF,20n,0.8980338398210167,Glove
558,10.0,300.0,VLAD,20n,0.8523387139403085,Glove
559,10.0,300.0,VLAD_TFIDF,20n,0.9019369885478544,Glove
560,11.0,300.0,VLAD,20n,0.856205027240539,Glove
561,11.0,300.0,VLAD_TFIDF,20n,0.9009316162853008,Glove
562,12.0,300.0,VLAD,20n,0.8559682117783369,Glove
563,12.0,300.0,VLAD_TFIDF,20n,0.9021810398681802,Glove
564,13.0,300.0,VLAD,20n,0.8573226087084895,Glove
565,13.0,300.0,VLAD_TFIDF,20n,0.9012876993470782,Glove
566,14.0,300.0,VLAD,20n,0.8617013220266483,Glove
567,14.0,300.0,VLAD_TFIDF,20n,0.9008358416807432,Glove
568,15.0,300.0,VLAD,20n,0.8586253410696958,Glove
569,15.0,300.0,VLAD_TFIDF,20n,0.9005443046467249,Glove
570,16.0,300.0,VLAD,20n,0.8640975763303043,Glove
571,16.0,300.0,VLAD_TFIDF,20n,0.9026234153626904,Glove
572,17.0,300.0,VLAD,20n,0.8628575820573647,Glove
573,17.0,300.0,VLAD_TFIDF,20n,0.9014995379260125,Glove
574,18.0,300.0,VLAD,20n,0.8653316867997114,Glove
575,18.0,300.0,VLAD_TFIDF,20n,0.9021845040127716,Glove
576,19.0,300.0,VLAD,20n,0.8665148853144802,Glove
577,19.0,300.0,VLAD_TFIDF,20n,0.9021516358367933,Glove
578,20.0,300.0,VLAD,20n,0.8712948999138521,Glove
579,20.0,300.0,VLAD_TFIDF,20n,0.9030377617660502,Glove
580,21.0,300.0,VLAD,20n,0.8683731406417788,Glove
581,21.0,300.0,VLAD_TFIDF,20n,0.9020024919010096,Glove
582,22.0,300.0,VLAD,20n,0.8698794259074469,Glove
583,22.0,300.0,VLAD_TFIDF,20n,0.9024385470184868,Glove
584,23.0,300.0,VLAD,20n,0.8714154875808898,Glove
585,23.0,300.0,VLAD_TFIDF,20n,0.9010962126842881,Glove
586,24.0,300.0,VLAD,20n,0.8681930479645533,Glove
587,24.0,300.0,VLAD_TFIDF,20n,0.9006908428378999,Glove
588,25.0,300.0,VLAD,20n,0.8720975325902763,Glove
589,25.0,300.0,VLAD_TFIDF,20n,0.9037598702334004,Glove
590,26.0,300.0,VLAD,20n,0.869615633220706,Glove
591,26.0,300.0,VLAD_TFIDF,20n,0.9011174021778908,Glove
592,27.0,300.0,VLAD,20n,0.8729798479489194,Glove
593,27.0,300.0,VLAD_TFIDF,20n,0.9018910435240824,Glove
594,28.0,300.0,VLAD,20n,0.8750335613729779,Glove
595,28.0,300.0,VLAD_TFIDF,20n,0.9025533078582284,Glove
596,29.0,300.0,VLAD,20n,0.8745345289582499,Glove
597,29.0,300.0,VLAD_TFIDF,20n,0.9014016096168156,Glove
598,30.0,300.0,VLAD,20n,0.8728370642945784,Glove
599,30.0,300.0,VLAD_TFIDF,20n,0.9034454150731946,Glove
600,1.0,300.0,VLAD,20n,0.7229746215615737,W2V
601,1.0,300.0,VLAD_TFIDF,20n,0.8944187794268196,W2V
602,2.0,300.0,VLAD,20n,0.7636335369608145,W2V
603,2.0,300.0,VLAD_TFIDF,20n,0.8942917300389046,W2V
604,3.0,300.0,VLAD,20n,0.7837309917325783,W2V
605,3.0,300.0,VLAD_TFIDF,20n,0.8953941544639955,W2V
606,4.0,300.0,VLAD,20n,0.7986767305330359,W2V
607,4.0,300.0,VLAD_TFIDF,20n,0.8961966418022052,W2V
608,5.0,300.0,VLAD,20n,0.8063205238552383,W2V
609,5.0,300.0,VLAD_TFIDF,20n,0.8975848067064078,W2V
610,6.0,300.0,VLAD,20n,0.812912806776327,W2V
611,6.0,300.0,VLAD_TFIDF,20n,0.8981275651450691,W2V
612,7.0,300.0,VLAD,20n,0.8165964426472193,W2V
613,7.0,300.0,VLAD_TFIDF,20n,0.8960603557504507,W2V
614,8.0,300.0,VLAD,20n,0.8178094260768682,W2V
615,8.0,300.0,VLAD_TFIDF,20n,0.8936052313768382,W2V
616,9.0,300.0,VLAD,20n,0.8201182319992286,W2V
617,9.0,300.0,VLAD_TFIDF,20n,0.8959881447447161,W2V
618,10.0,300.0,VLAD,20n,0.8224927965310159,W2V
619,10.0,300.0,VLAD_TFIDF,20n,0.8958710700369693,W2V
620,11.0,300.0,VLAD,20n,0.8245510943873235,W2V
621,11.0,300.0,VLAD_TFIDF,20n,0.8953629921721538,W2V
622,12.0,300.0,VLAD,20n,0.827913779378439,W2V
623,12.0,300.0,VLAD_TFIDF,20n,0.8945435924300575,W2V
624,13.0,300.0,VLAD,20n,0.829151415536763,W2V
625,13.0,300.0,VLAD_TFIDF,20n,0.8937215186554524,W2V
626,14.0,300.0,VLAD,20n,0.8293891012578563,W2V
627,14.0,300.0,VLAD_TFIDF,20n,0.8931196416774583,W2V
628,15.0,300.0,VLAD,20n,0.8342064485590708,W2V
629,15.0,300.0,VLAD_TFIDF,20n,0.8946174779475958,W2V
630,16.0,300.0,VLAD,20n,0.8343076871057594,W2V
631,16.0,300.0,VLAD_TFIDF,20n,0.8942669615069262,W2V
632,17.0,300.0,VLAD,20n,0.8377208506885504,W2V
633,17.0,300.0,VLAD_TFIDF,20n,0.8961724008477662,W2V
634,18.0,300.0,VLAD,20n,0.8368694787283287,W2V
635,18.0,300.0,VLAD_TFIDF,20n,0.8976123381019546,W2V
636,19.0,300.0,VLAD,20n,0.8395422243509829,W2V
637,19.0,300.0,VLAD_TFIDF,20n,0.8958505022850216,W2V
638,20.0,300.0,VLAD,20n,0.8376372259358362,W2V
639,20.0,300.0,VLAD_TFIDF,20n,0.8955442238717615,W2V
640,21.0,300.0,VLAD,20n,0.8417930176895354,W2V
641,21.0,300.0,VLAD_TFIDF,20n,0.8955756427892553,W2V
642,22.0,300.0,VLAD,20n,0.8412656934474712,W2V
643,22.0,300.0,VLAD_TFIDF,20n,0.8970807083708412,W2V
644,23.0,300.0,VLAD,20n,0.8428279612087917,W2V
645,23.0,300.0,VLAD_TFIDF,20n,0.8971518581313577,W2V
646,24.0,300.0,VLAD,20n,0.8431924899114741,W2V
647,24.0,300.0,VLAD_TFIDF,20n,0.8963160163171541,W2V
648,25.0,300.0,VLAD,20n,0.8430518565248791,W2V
649,25.0,300.0,VLAD_TFIDF,20n,0.8966647946942782,W2V
650,26.0,300.0,VLAD,20n,0.8437469949162321,W2V
651,26.0,300.0,VLAD_TFIDF,20n,0.8950981173906818,W2V
652,27.0,300.0,VLAD,20n,0.8433919733649434,W2V
653,27.0,300.0,VLAD_TFIDF,20n,0.8957406615750052,W2V
654,28.0,300.0,VLAD,20n,0.8436649233955297,W2V
655,28.0,300.0,VLAD_TFIDF,20n,0.8963014545343195,W2V
656,29.0,300.0,VLAD,20n,0.842519100780987,W2V
657,29.0,300.0,VLAD_TFIDF,20n,0.8962567881528596,W2V
658,30.0,300.0,VLAD,20n,0.8443774192753258,W2V
659,30.0,300.0,VLAD_TFIDF,20n,0.8977614330903705,W2V
660,1.0,300.0,VLAD,20n,0.7477033555358054,self-trained-glove
661,1.0,300.0,VLAD_TFIDF,20n,0.892382156766652,self-trained-glove
662,2.0,300.0,VLAD,20n,0.7808392647960971,self-trained-glove
663,2.0,300.0,VLAD_TFIDF,20n,0.8935224319571262,self-trained-glove
664,3.0,300.0,VLAD,20n,0.7995086233392904,self-trained-glove
665,3.0,300.0,VLAD_TFIDF,20n,0.8962308347629712,self-trained-glove
666,4.0,300.0,VLAD,20n,0.8118831409897779,self-trained-glove
667,4.0,300.0,VLAD_TFIDF,20n,0.8938447914577091,self-trained-glove
668,5.0,300.0,VLAD,20n,0.8206675346848549,self-trained-glove
669,5.0,300.0,VLAD_TFIDF,20n,0.8940707574972018,self-trained-glove
670,6.0,300.0,VLAD,20n,0.8243779906945019,self-trained-glove
671,6.0,300.0,VLAD_TFIDF,20n,0.8957098062115962,self-trained-glove
672,7.0,300.0,VLAD,20n,0.83111448934929,self-trained-glove
673,7.0,300.0,VLAD_TFIDF,20n,0.8955603572691573,self-trained-glove
674,8.0,300.0,VLAD,20n,0.8325592970659421,self-trained-glove
675,8.0,300.0,VLAD_TFIDF,20n,0.8942592051757805,self-trained-glove
676,9.0,300.0,VLAD,20n,0.8388637397642874,self-trained-glove
677,9.0,300.0,VLAD_TFIDF,20n,0.8960922287345208,self-trained-glove
678,10.0,300.0,VLAD,20n,0.8426828759715518,self-trained-glove
679,10.0,300.0,VLAD_TFIDF,20n,0.8946302976280498,self-trained-glove
680,11.0,300.0,VLAD,20n,0.8441778816620296,self-trained-glove
681,11.0,300.0,VLAD_TFIDF,20n,0.8960641759882477,self-trained-glove
682,12.0,300.0,VLAD,20n,0.8456635677438191,self-trained-glove
683,12.0,300.0,VLAD_TFIDF,20n,0.8975420090159238,self-trained-glove
684,13.0,300.0,VLAD,20n,0.8441882620375336,self-trained-glove
685,13.0,300.0,VLAD_TFIDF,20n,0.8964050250939405,self-trained-glove
686,14.0,300.0,VLAD,20n,0.8444396806460464,self-trained-glove
687,14.0,300.0,VLAD_TFIDF,20n,0.8983965216279461,self-trained-glove
688,15.0,300.0,VLAD,20n,0.8488754719649695,self-trained-glove
689,15.0,300.0,VLAD_TFIDF,20n,0.8949830736834322,self-trained-glove
690,16.0,300.0,VLAD,20n,0.8424909665673816,self-trained-glove
691,16.0,300.0,VLAD_TFIDF,20n,0.8966603425348122,self-trained-glove
692,17.0,300.0,VLAD,20n,0.8482595790361763,self-trained-glove
693,17.0,300.0,VLAD_TFIDF,20n,0.8955604811287637,self-trained-glove
694,18.0,300.0,VLAD,20n,0.8464809884699547,self-trained-glove
695,18.0,300.0,VLAD_TFIDF,20n,0.8970867956455391,self-trained-glove
696,19.0,300.0,VLAD,20n,0.8492859915302219,self-trained-glove
697,19.0,300.0,VLAD_TFIDF,20n,0.8959292361194215,self-trained-glove
698,20.0,300.0,VLAD,20n,0.8516565562348383,self-trained-glove
699,20.0,300.0,VLAD_TFIDF,20n,0.8961536963128767,self-trained-glove
700,21.0,300.0,VLAD,20n,0.8525157594412386,self-trained-glove
701,21.0,300.0,VLAD_TFIDF,20n,0.8971186174886944,self-trained-glove
702,22.0,300.0,VLAD,20n,0.8535541757714327,self-trained-glove
703,22.0,300.0,VLAD_TFIDF,20n,0.8969216544504433,self-trained-glove
704,23.0,300.0,VLAD,20n,0.8533935704917235,self-trained-glove
705,23.0,300.0,VLAD_TFIDF,20n,0.8987873627307061,self-trained-glove
706,24.0,300.0,VLAD,20n,0.8538077107398193,self-trained-glove
707,24.0,300.0,VLAD_TFIDF,20n,0.8968707805072086,self-trained-glove
708,25.0,300.0,VLAD,20n,0.8540647912152165,self-trained-glove
709,25.0,300.0,VLAD_TFIDF,20n,0.8957685177375371,self-trained-glove
710,26.0,300.0,VLAD,20n,0.855678420753185,self-trained-glove
711,26.0,300.0,VLAD_TFIDF,20n,0.8973652688296332,self-trained-glove
712,27.0,300.0,VLAD,20n,0.8538154643790966,self-trained-glove
713,27.0,300.0,VLAD_TFIDF,20n,0.8965766500267789,self-trained-glove
714,28.0,300.0,VLAD,20n,0.8554434537403075,self-trained-glove
715,28.0,300.0,VLAD_TFIDF,20n,0.8975078273297269,self-trained-glove
716,29.0,300.0,VLAD,20n,0.8565853109693238,self-trained-glove
717,29.0,300.0,VLAD_TFIDF,20n,0.8963994748613121,self-trained-glove
718,30.0,300.0,VLAD,20n,0.8555023027972778,self-trained-glove
719,30.0,300.0,VLAD_TFIDF,20n,0.8965903253613599,self-trained-glove
720,1.0,300.0,VLAD,r8,0.8895713866572054,self-trained
721,1.0,300.0,VLAD_TFIDF,r8,0.9318358277691492,self-trained
722,2.0,300.0,VLAD,r8,0.896309750654163,self-trained
723,2.0,300.0,VLAD_TFIDF,r8,0.934262060595184,self-trained
724,3.0,300.0,VLAD,r8,0.9027858498117374,self-trained
725,3.0,300.0,VLAD_TFIDF,r8,0.9337709203988368,self-trained
726,4.0,300.0,VLAD,r8,0.9000978224010241,self-trained
727,4.0,300.0,VLAD_TFIDF,r8,0.9279173216104194,self-trained
728,5.0,300.0,VLAD,r8,0.9032479942060544,self-trained
729,5.0,300.0,VLAD_TFIDF,r8,0.930096125811214,self-trained
730,6.0,300.0,VLAD,r8,0.9034460109901216,self-trained
731,6.0,300.0,VLAD_TFIDF,r8,0.9287821359440288,self-trained
732,7.0,300.0,VLAD,r8,0.902430693477633,self-trained
733,7.0,300.0,VLAD_TFIDF,r8,0.9308086850945596,self-trained
734,8.0,300.0,VLAD,r8,0.9251953455436212,self-trained
735,8.0,300.0,VLAD_TFIDF,r8,0.9365269361909776,self-trained
736,9.0,300.0,VLAD,r8,0.9229959493520884,self-trained
737,9.0,300.0,VLAD_TFIDF,r8,0.9344565222224016,self-trained
738,10.0,300.0,VLAD,r8,0.9226178064142241,self-trained
739,10.0,300.0,VLAD_TFIDF,r8,0.9313026662959174,self-trained
740,11.0,300.0,VLAD,r8,0.9255790319628509,self-trained
741,11.0,300.0,VLAD_TFIDF,r8,0.9330669061013752,self-trained
742,12.0,300.0,VLAD,r8,0.9193381563993376,self-trained
743,12.0,300.0,VLAD_TFIDF,r8,0.931540886647,self-trained
744,13.0,300.0,VLAD,r8,0.9139045211184292,self-trained
745,13.0,300.0,VLAD_TFIDF,r8,0.9281469771280512,self-trained
746,14.0,300.0,VLAD,r8,0.9171993862492412,self-trained
747,14.0,300.0,VLAD_TFIDF,r8,0.9319546777673128,self-trained
748,15.0,300.0,VLAD,r8,0.9156037861346566,self-trained
749,15.0,300.0,VLAD_TFIDF,r8,0.9259434999581756,self-trained
750,16.0,300.0,VLAD,r8,0.919538962045242,self-trained
751,16.0,300.0,VLAD_TFIDF,r8,0.9295539253914338,self-trained
752,17.0,300.0,VLAD,r8,0.9150003530187588,self-trained
753,17.0,300.0,VLAD_TFIDF,r8,0.9318028165402784,self-trained
754,18.0,300.0,VLAD,r8,0.9222605633966944,self-trained
755,18.0,300.0,VLAD_TFIDF,r8,0.9340942213281044,self-trained
756,19.0,300.0,VLAD,r8,0.9155620879460038,self-trained
757,19.0,300.0,VLAD_TFIDF,r8,0.934740769946415,self-trained
758,20.0,300.0,VLAD,r8,0.9129419624123192,self-trained
759,20.0,300.0,VLAD_TFIDF,r8,0.931055050828398,self-trained
760,21.0,300.0,VLAD,r8,0.9205848678982328,self-trained
761,21.0,300.0,VLAD_TFIDF,r8,0.9310664420842036,self-trained
762,22.0,300.0,VLAD,r8,0.9221282181205152,self-trained
763,22.0,300.0,VLAD_TFIDF,r8,0.9309211870694952,self-trained
764,23.0,300.0,VLAD,r8,0.9170270692637283,self-trained
765,23.0,300.0,VLAD_TFIDF,r8,0.9276963936445416,self-trained
766,24.0,300.0,VLAD,r8,0.9152799965921282,self-trained
767,24.0,300.0,VLAD_TFIDF,r8,0.9300883235727184,self-trained
768,25.0,300.0,VLAD,r8,0.9150830132656732,self-trained
769,25.0,300.0,VLAD_TFIDF,r8,0.9340141450079744,self-trained
770,26.0,300.0,VLAD,r8,0.9170281595694872,self-trained
771,26.0,300.0,VLAD_TFIDF,r8,0.9372091607632106,self-trained
772,27.0,300.0,VLAD,r8,0.9219173535549928,self-trained
773,27.0,300.0,VLAD_TFIDF,r8,0.9360871296362732,self-trained
774,28.0,300.0,VLAD,r8,0.9257016372314548,self-trained
775,28.0,300.0,VLAD_TFIDF,r8,0.938046209930588,self-trained
776,29.0,300.0,VLAD,r8,0.9230133356203944,self-trained
777,29.0,300.0,VLAD_TFIDF,r8,0.9345613644466364,self-trained
778,30.0,300.0,VLAD,r8,0.920178625664349,self-trained
779,30.0,300.0,VLAD_TFIDF,r8,0.9334547318360872,self-trained
780,1.0,300.0,VLAD,r8,0.8997789919570746,Glove
781,1.0,300.0,VLAD_TFIDF,r8,0.9317489590420018,Glove
782,2.0,300.0,VLAD,r8,0.9064025205118942,Glove
783,2.0,300.0,VLAD_TFIDF,r8,0.9313180059942184,Glove
784,3.0,300.0,VLAD,r8,0.9084117566632534,Glove
785,3.0,300.0,VLAD_TFIDF,r8,0.9292246272659346,Glove
786,4.0,300.0,VLAD,r8,0.8997283025069354,Glove
787,4.0,300.0,VLAD_TFIDF,r8,0.9287723138093902,Glove
788,5.0,300.0,VLAD,r8,0.902644455879145,Glove
789,5.0,300.0,VLAD_TFIDF,r8,0.9263149396752188,Glove
790,6.0,300.0,VLAD,r8,0.9056182597124144,Glove
791,6.0,300.0,VLAD_TFIDF,r8,0.9297885939094904,Glove
792,7.0,300.0,VLAD,r8,0.9176517192895932,Glove
793,7.0,300.0,VLAD_TFIDF,r8,0.9326269903012416,Glove
794,8.0,300.0,VLAD,r8,0.9229124766822792,Glove
795,8.0,300.0,VLAD_TFIDF,r8,0.9306609233871634,Glove
796,9.0,300.0,VLAD,r8,0.9207210549420048,Glove
797,9.0,300.0,VLAD_TFIDF,r8,0.9308093867851358,Glove
798,10.0,300.0,VLAD,r8,0.922705688826038,Glove
799,10.0,300.0,VLAD_TFIDF,r8,0.9314895061575056,Glove
800,11.0,300.0,VLAD,r8,0.9262432303970556,Glove
801,11.0,300.0,VLAD_TFIDF,r8,0.9320417770125572,Glove
802,12.0,300.0,VLAD,r8,0.9253845671157958,Glove
803,12.0,300.0,VLAD_TFIDF,r8,0.9292363398813966,Glove
804,13.0,300.0,VLAD,r8,0.922156456357596,Glove
805,13.0,300.0,VLAD_TFIDF,r8,0.9344643825734535,Glove
806,14.0,300.0,VLAD,r8,0.9227320936020268,Glove
807,14.0,300.0,VLAD_TFIDF,r8,0.9328270924545178,Glove
808,15.0,300.0,VLAD,r8,0.9223639277348352,Glove
809,15.0,300.0,VLAD_TFIDF,r8,0.9333984633929256,Glove
810,16.0,300.0,VLAD,r8,0.9246732267663365,Glove
811,16.0,300.0,VLAD_TFIDF,r8,0.9338362234241544,Glove
812,17.0,300.0,VLAD,r8,0.9289613870875176,Glove
813,17.0,300.0,VLAD_TFIDF,r8,0.9369703169653836,Glove
814,18.0,300.0,VLAD,r8,0.9266847427345842,Glove
815,18.0,300.0,VLAD_TFIDF,r8,0.9346542695504412,Glove
816,19.0,300.0,VLAD,r8,0.9237771329088412,Glove
817,19.0,300.0,VLAD_TFIDF,r8,0.9339136397952492,Glove
818,20.0,300.0,VLAD,r8,0.9234383444097172,Glove
819,20.0,300.0,VLAD_TFIDF,r8,0.9362991135575824,Glove
820,21.0,300.0,VLAD,r8,0.9275665620382734,Glove
821,21.0,300.0,VLAD_TFIDF,r8,0.9372868469534034,Glove
822,22.0,300.0,VLAD,r8,0.9218016436403728,Glove
823,22.0,300.0,VLAD_TFIDF,r8,0.9348369262573591,Glove
824,23.0,300.0,VLAD,r8,0.9298147841696284,Glove
825,23.0,300.0,VLAD_TFIDF,r8,0.9364501037221172,Glove
826,24.0,300.0,VLAD,r8,0.9284138526505842,Glove
827,24.0,300.0,VLAD_TFIDF,r8,0.9327680366953824,Glove
828,25.0,300.0,VLAD,r8,0.9259100260771737,Glove
829,25.0,300.0,VLAD_TFIDF,r8,0.9348004886833214,Glove
830,26.0,300.0,VLAD,r8,0.9291960978598636,Glove
831,26.0,300.0,VLAD_TFIDF,r8,0.9363579731986608,Glove
832,27.0,300.0,VLAD,r8,0.9280563081584914,Glove
833,27.0,300.0,VLAD_TFIDF,r8,0.9312034086982299,Glove
834,28.0,300.0,VLAD,r8,0.928793823604258,Glove
835,28.0,300.0,VLAD_TFIDF,r8,0.9382602401533979,Glove
836,29.0,300.0,VLAD,r8,0.9261077065642932,Glove
837,29.0,300.0,VLAD_TFIDF,r8,0.9296707997499843,Glove
838,30.0,300.0,VLAD,r8,0.9311612969614784,Glove
839,30.0,300.0,VLAD_TFIDF,r8,0.9376627088124074,Glove
840,1.0,300.0,VLAD,r8,0.8996780267372569,W2V
841,1.0,300.0,VLAD_TFIDF,r8,0.9402483669884848,W2V
842,2.0,300.0,VLAD,r8,0.9076025486746548,W2V
843,2.0,300.0,VLAD_TFIDF,r8,0.9336615218943024,W2V
844,3.0,300.0,VLAD,r8,0.912041829326706,W2V
845,3.0,300.0,VLAD_TFIDF,r8,0.9311903051842859,W2V
846,4.0,300.0,VLAD,r8,0.9097568243073828,W2V
847,4.0,300.0,VLAD_TFIDF,r8,0.9280458702049028,W2V
848,5.0,300.0,VLAD,r8,0.9211878742728852,W2V
849,5.0,300.0,VLAD_TFIDF,r8,0.9384238980595994,W2V
850,6.0,300.0,VLAD,r8,0.9247464209500872,W2V
851,6.0,300.0,VLAD_TFIDF,r8,0.9408086130236092,W2V
852,7.0,300.0,VLAD,r8,0.9155589530592512,W2V
853,7.0,300.0,VLAD_TFIDF,r8,0.9372328525545214,W2V
854,8.0,300.0,VLAD,r8,0.9223872706427833,W2V
855,8.0,300.0,VLAD_TFIDF,r8,0.9397702452315218,W2V
856,9.0,300.0,VLAD,r8,0.9225151199593636,W2V
857,9.0,300.0,VLAD_TFIDF,r8,0.9395508063549672,W2V
858,10.0,300.0,VLAD,r8,0.9233929993191842,W2V
859,10.0,300.0,VLAD_TFIDF,r8,0.9400479821453328,W2V
860,11.0,300.0,VLAD,r8,0.9197777329362181,W2V
861,11.0,300.0,VLAD_TFIDF,r8,0.9439182425038766,W2V
862,12.0,300.0,VLAD,r8,0.919975714057841,W2V
863,12.0,300.0,VLAD_TFIDF,r8,0.9346254651431736,W2V
864,13.0,300.0,VLAD,r8,0.9240671434756812,W2V
865,13.0,300.0,VLAD_TFIDF,r8,0.9387044948630308,W2V
866,14.0,300.0,VLAD,r8,0.9278711860295958,W2V
867,14.0,300.0,VLAD_TFIDF,r8,0.939273412360334,W2V
868,15.0,300.0,VLAD,r8,0.9231070367238396,W2V
869,15.0,300.0,VLAD_TFIDF,r8,0.9384893786779892,W2V
870,16.0,300.0,VLAD,r8,0.9232388711532404,W2V
871,16.0,300.0,VLAD_TFIDF,r8,0.9416255938943716,W2V
872,17.0,300.0,VLAD,r8,0.925838718470924,W2V
873,17.0,300.0,VLAD_TFIDF,r8,0.939387254285548,W2V
874,18.0,300.0,VLAD,r8,0.926528594862577,W2V
875,18.0,300.0,VLAD_TFIDF,r8,0.9399891304920044,W2V
876,19.0,300.0,VLAD,r8,0.9254909179887241,W2V
877,19.0,300.0,VLAD_TFIDF,r8,0.936423939337584,W2V
878,20.0,300.0,VLAD,r8,0.9295391147421552,W2V
879,20.0,300.0,VLAD_TFIDF,r8,0.9426840608533296,W2V
880,21.0,300.0,VLAD,r8,0.9245987494448388,W2V
881,21.0,300.0,VLAD_TFIDF,r8,0.9366374808984479,W2V
882,22.0,300.0,VLAD,r8,0.9243632254524604,W2V
883,22.0,300.0,VLAD_TFIDF,r8,0.9334533242202181,W2V
884,23.0,300.0,VLAD,r8,0.9240319659868124,W2V
885,23.0,300.0,VLAD_TFIDF,r8,0.9308448130776428,W2V
886,24.0,300.0,VLAD,r8,0.9220496008284268,W2V
887,24.0,300.0,VLAD_TFIDF,r8,0.9366154921646308,W2V
888,25.0,300.0,VLAD,r8,0.9243804562645612,W2V
889,25.0,300.0,VLAD_TFIDF,r8,0.9371708084796462,W2V
890,26.0,300.0,VLAD,r8,0.9200303228404048,W2V
891,26.0,300.0,VLAD_TFIDF,r8,0.9360430244776058,W2V
892,27.0,300.0,VLAD,r8,0.9212838179898264,W2V
893,27.0,300.0,VLAD_TFIDF,r8,0.9375092816873528,W2V
894,28.0,300.0,VLAD,r8,0.9244958118701556,W2V
895,28.0,300.0,VLAD_TFIDF,r8,0.9353918311332692,W2V
896,29.0,300.0,VLAD,r8,0.9261796707297962,W2V
897,29.0,300.0,VLAD_TFIDF,r8,0.9374580296097148,W2V
898,30.0,300.0,VLAD,r8,0.9189626480293178,W2V
899,30.0,300.0,VLAD_TFIDF,r8,0.9277984026939652,W2V
900,1.0,300.0,VLAD,r8,0.8905120388795021,self-trained-glove
901,1.0,300.0,VLAD_TFIDF,r8,0.926318995456022,self-trained-glove
902,2.0,300.0,VLAD,r8,0.9042850025043944,self-trained-glove
903,2.0,300.0,VLAD_TFIDF,r8,0.9279997162914979,self-trained-glove
904,3.0,300.0,VLAD,r8,0.8988143391628298,self-trained-glove
905,3.0,300.0,VLAD_TFIDF,r8,0.9284401292019258,self-trained-glove
906,4.0,300.0,VLAD,r8,0.9078840399243076,self-trained-glove
907,4.0,300.0,VLAD_TFIDF,r8,0.9308467276955196,self-trained-glove
908,5.0,300.0,VLAD,r8,0.9084647685275388,self-trained-glove
909,5.0,300.0,VLAD_TFIDF,r8,0.9302870926731759,self-trained-glove
910,6.0,300.0,VLAD,r8,0.9164690430691108,self-trained-glove
911,6.0,300.0,VLAD_TFIDF,r8,0.9291252109735734,self-trained-glove
912,7.0,300.0,VLAD,r8,0.9199444488036584,self-trained-glove
913,7.0,300.0,VLAD_TFIDF,r8,0.9324670231268009,self-trained-glove
914,8.0,300.0,VLAD,r8,0.9207314556280308,self-trained-glove
915,8.0,300.0,VLAD_TFIDF,r8,0.9304609233562032,self-trained-glove
916,9.0,300.0,VLAD,r8,0.9164201237366456,self-trained-glove
917,9.0,300.0,VLAD_TFIDF,r8,0.9296029520042796,self-trained-glove
918,10.0,300.0,VLAD,r8,0.9245595634155078,self-trained-glove
919,10.0,300.0,VLAD_TFIDF,r8,0.930653520200571,self-trained-glove
920,11.0,300.0,VLAD,r8,0.9246345543934328,self-trained-glove
921,11.0,300.0,VLAD_TFIDF,r8,0.9293696552539624,self-trained-glove
922,12.0,300.0,VLAD,r8,0.91983561926026,self-trained-glove
923,12.0,300.0,VLAD_TFIDF,r8,0.9305157949615048,self-trained-glove
924,13.0,300.0,VLAD,r8,0.919094514112572,self-trained-glove
925,13.0,300.0,VLAD_TFIDF,r8,0.9288638052459584,self-trained-glove
926,14.0,300.0,VLAD,r8,0.9241918027578532,self-trained-glove
927,14.0,300.0,VLAD_TFIDF,r8,0.9321125852746236,self-trained-glove
928,15.0,300.0,VLAD,r8,0.9195282470179216,self-trained-glove
929,15.0,300.0,VLAD_TFIDF,r8,0.9313434628244484,self-trained-glove
930,16.0,300.0,VLAD,r8,0.922645080233612,self-trained-glove
931,16.0,300.0,VLAD_TFIDF,r8,0.9319790661260312,self-trained-glove
932,17.0,300.0,VLAD,r8,0.9237462288362042,self-trained-glove
933,17.0,300.0,VLAD_TFIDF,r8,0.93289257708229,self-trained-glove
934,18.0,300.0,VLAD,r8,0.9223373951747368,self-trained-glove
935,18.0,300.0,VLAD_TFIDF,r8,0.9288824284900279,self-trained-glove
936,19.0,300.0,VLAD,r8,0.9204169142429124,self-trained-glove
937,19.0,300.0,VLAD_TFIDF,r8,0.934370643573206,self-trained-glove
938,20.0,300.0,VLAD,r8,0.9246753752709866,self-trained-glove
939,20.0,300.0,VLAD_TFIDF,r8,0.9294993702689958,self-trained-glove
940,21.0,300.0,VLAD,r8,0.9182482067188056,self-trained-glove
941,21.0,300.0,VLAD_TFIDF,r8,0.9295310920004856,self-trained-glove
942,22.0,300.0,VLAD,r8,0.9177373766476088,self-trained-glove
943,22.0,300.0,VLAD_TFIDF,r8,0.9269602031980779,self-trained-glove
944,23.0,300.0,VLAD,r8,0.9196108484417854,self-trained-glove
945,23.0,300.0,VLAD_TFIDF,r8,0.931710132811635,self-trained-glove
946,24.0,300.0,VLAD,r8,0.9173866861416692,self-trained-glove
947,24.0,300.0,VLAD_TFIDF,r8,0.9257061021531344,self-trained-glove
948,25.0,300.0,VLAD,r8,0.9120091988191688,self-trained-glove
949,25.0,300.0,VLAD_TFIDF,r8,0.9254976208300424,self-trained-glove
950,26.0,300.0,VLAD,r8,0.92000508887972,self-trained-glove
951,26.0,300.0,VLAD_TFIDF,r8,0.9282705729796312,self-trained-glove
952,27.0,300.0,VLAD,r8,0.9218242936064864,self-trained-glove
953,27.0,300.0,VLAD_TFIDF,r8,0.9310523220864452,self-trained-glove
954,28.0,300.0,VLAD,r8,0.9181745196884086,self-trained-glove
955,28.0,300.0,VLAD_TFIDF,r8,0.9266218303535358,self-trained-glove
956,29.0,300.0,VLAD,r8,0.9211693903268384,self-trained-glove
957,29.0,300.0,VLAD_TFIDF,r8,0.9303761024801852,self-trained-glove
958,30.0,300.0,VLAD,r8,0.9253335712461588,self-trained-glove
959,30.0,300.0,VLAD_TFIDF,r8,0.9258815410843682,self-trained-glove
